start transaction;

drop database if exists `Acme-Newspaper`;
create database `Acme-Newspaper`;

use `Acme-Newspaper`;

create user 'acme-user'@'%' identified by password '*4F10007AADA9EE3DBB2CC36575DFC6F4FDE27577';
create user 'acme-manager'@'%' identified by password '*FDB8CD304EB2317D10C95D797A4BD7492560F55F';

grant select, insert, update, delete on `Acme-Newspaper`.* to 'acme-user'@'%';
grant select, insert, update, delete, create, drop, references, index, alter,
	create temporary tables, lock tables, create view, create routine,
	alter routine, execute, trigger, show view on `Acme-Newspaper`.* to 'acme-manager'@'%';

-- MySQL dump 10.13  Distrib 5.5.29, for Win64 (x86)
--
-- Host: localhost    Database: Acme-Newspaper
-- ------------------------------------------------------
-- Server version	5.5.29

/*!40101 SET @OLD_CHARACTER_SET_CLIENT=@@CHARACTER_SET_CLIENT */;
/*!40101 SET @OLD_CHARACTER_SET_RESULTS=@@CHARACTER_SET_RESULTS */;
/*!40101 SET @OLD_COLLATION_CONNECTION=@@COLLATION_CONNECTION */;
/*!40101 SET NAMES utf8 */;
/*!40103 SET @OLD_TIME_ZONE=@@TIME_ZONE */;
/*!40103 SET TIME_ZONE='+00:00' */;
/*!40014 SET @OLD_UNIQUE_CHECKS=@@UNIQUE_CHECKS, UNIQUE_CHECKS=0 */;
/*!40014 SET @OLD_FOREIGN_KEY_CHECKS=@@FOREIGN_KEY_CHECKS, FOREIGN_KEY_CHECKS=0 */;
/*!40101 SET @OLD_SQL_MODE=@@SQL_MODE, SQL_MODE='NO_AUTO_VALUE_ON_ZERO' */;
/*!40111 SET @OLD_SQL_NOTES=@@SQL_NOTES, SQL_NOTES=0 */;

--
-- Table structure for table `actor`
--

DROP TABLE IF EXISTS `actor`;
/*!40101 SET @saved_cs_client     = @@character_set_client */;
/*!40101 SET character_set_client = utf8 */;
CREATE TABLE `actor` (
  `id` int(11) NOT NULL,
  `version` int(11) NOT NULL,
  `address` varchar(255) DEFAULT NULL,
  `email` varchar(255) DEFAULT NULL,
  `name` varchar(255) DEFAULT NULL,
  `phone` varchar(255) DEFAULT NULL,
  `surname` varchar(255) DEFAULT NULL,
  `userAccount_id` int(11) DEFAULT NULL,
  PRIMARY KEY (`id`),
  KEY `FK_cgls5lrufx91ufsyh467spwa3` (`userAccount_id`),
  CONSTRAINT `FK_cgls5lrufx91ufsyh467spwa3` FOREIGN KEY (`userAccount_id`) REFERENCES `useraccount` (`id`)
) ENGINE=InnoDB DEFAULT CHARSET=latin1;
/*!40101 SET character_set_client = @saved_cs_client */;

--
-- Dumping data for table `actor`
--

LOCK TABLES `actor` WRITE;
/*!40000 ALTER TABLE `actor` DISABLE KEYS */;
/*!40000 ALTER TABLE `actor` ENABLE KEYS */;
UNLOCK TABLES;

--
-- Table structure for table `administrator`
--

DROP TABLE IF EXISTS `administrator`;
/*!40101 SET @saved_cs_client     = @@character_set_client */;
/*!40101 SET character_set_client = utf8 */;
CREATE TABLE `administrator` (
  `id` int(11) NOT NULL,
  `version` int(11) NOT NULL,
  `address` varchar(255) DEFAULT NULL,
  `email` varchar(255) DEFAULT NULL,
  `name` varchar(255) DEFAULT NULL,
  `phone` varchar(255) DEFAULT NULL,
  `surname` varchar(255) DEFAULT NULL,
  `userAccount_id` int(11) DEFAULT NULL,
  PRIMARY KEY (`id`),
  KEY `FK_idt4b4u259p6vs4pyr9lax4eg` (`userAccount_id`),
  CONSTRAINT `FK_idt4b4u259p6vs4pyr9lax4eg` FOREIGN KEY (`userAccount_id`) REFERENCES `useraccount` (`id`)
) ENGINE=InnoDB DEFAULT CHARSET=latin1;
/*!40101 SET character_set_client = @saved_cs_client */;

--
-- Dumping data for table `administrator`
--

LOCK TABLES `administrator` WRITE;
/*!40000 ALTER TABLE `administrator` DISABLE KEYS */;
INSERT INTO `administrator` VALUES (30,0,'c/ Misterio 12, 45066 Madrid','cestebanez@mail.com','Carlos','8174328763','Estébanez',25);
/*!40000 ALTER TABLE `administrator` ENABLE KEYS */;
UNLOCK TABLES;

--
-- Table structure for table `article`
--

DROP TABLE IF EXISTS `article`;
/*!40101 SET @saved_cs_client     = @@character_set_client */;
/*!40101 SET character_set_client = utf8 */;
CREATE TABLE `article` (
  `id` int(11) NOT NULL,
  `version` int(11) NOT NULL,
  `body` varchar(255) DEFAULT NULL,
  `finalMode` bit(1) NOT NULL,
  `moment` date DEFAULT NULL,
  `summary` varchar(255) DEFAULT NULL,
  `title` varchar(255) DEFAULT NULL,
  `writer_id` int(11) NOT NULL,
  PRIMARY KEY (`id`),
  KEY `FK_tushlj62v3v30iqifyful69d` (`writer_id`),
  CONSTRAINT `FK_tushlj62v3v30iqifyful69d` FOREIGN KEY (`writer_id`) REFERENCES `user` (`id`)
) ENGINE=InnoDB DEFAULT CHARSET=latin1;
/*!40101 SET character_set_client = @saved_cs_client */;

--
-- Dumping data for table `article`
--

LOCK TABLES `article` WRITE;
/*!40000 ALTER TABLE `article` DISABLE KEYS */;
INSERT INTO `article` VALUES (39,0,'This news is from Thailand. Thai police seize drugs. In one week, they seize 1.35 tonnes of drugs. The drugs are worth 32 million dollars. Police arrest 11 people. People traffick these drugs from northern Thailand to Malaysia. ','\0','2020-04-12','We go to play for 2 days in my house the next week','Go to play',33),(41,0,'Lorem ipsum dolor sit amet, consectetur adipiscing elit. Fusce ultrices, justo eget porttitor consequat, enim magna ornare libero, ac lacinia lectus tortor dapibus dolor. Nam laoreet porta dignissim. Pellentesque tincidunt, lorem et consequat semper.','','2017-08-30','Fusce ultrices, justo eget','Lorem ipsum',34),(42,0,'In the Gregorian calendar, the most widely used calendar system today, New Year occurs on January 1 (New Year\'s Day). This was also the case both in the Roman calendar (at least after about 713 BC) and in the Julian calendar that succeeded it.','','2017-09-15','This is the second article','New year',34);
/*!40000 ALTER TABLE `article` ENABLE KEYS */;
UNLOCK TABLES;

--
-- Table structure for table `article_followup`
--

DROP TABLE IF EXISTS `article_followup`;
/*!40101 SET @saved_cs_client     = @@character_set_client */;
/*!40101 SET character_set_client = utf8 */;
CREATE TABLE `article_followup` (
  `Article_id` int(11) NOT NULL,
  `followups_id` int(11) NOT NULL,
  UNIQUE KEY `UK_fo8lp2o0ges3haa0y5uy6rxik` (`followups_id`),
  KEY `FK_6r0w9kdctegoycdcjg8dsm28f` (`Article_id`),
  CONSTRAINT `FK_6r0w9kdctegoycdcjg8dsm28f` FOREIGN KEY (`Article_id`) REFERENCES `article` (`id`),
  CONSTRAINT `FK_fo8lp2o0ges3haa0y5uy6rxik` FOREIGN KEY (`followups_id`) REFERENCES `followup` (`id`)
) ENGINE=InnoDB DEFAULT CHARSET=latin1;
/*!40101 SET character_set_client = @saved_cs_client */;

--
-- Dumping data for table `article_followup`
--

LOCK TABLES `article_followup` WRITE;
/*!40000 ALTER TABLE `article_followup` DISABLE KEYS */;
INSERT INTO `article_followup` VALUES (41,44);
/*!40000 ALTER TABLE `article_followup` ENABLE KEYS */;
UNLOCK TABLES;

--
-- Table structure for table `article_pictures`
--

DROP TABLE IF EXISTS `article_pictures`;
/*!40101 SET @saved_cs_client     = @@character_set_client */;
/*!40101 SET character_set_client = utf8 */;
CREATE TABLE `article_pictures` (
  `Article_id` int(11) NOT NULL,
  `pictures` varchar(255) DEFAULT NULL,
  KEY `FK_slh5rr6y2n4ml5s20v5nlr52g` (`Article_id`),
  CONSTRAINT `FK_slh5rr6y2n4ml5s20v5nlr52g` FOREIGN KEY (`Article_id`) REFERENCES `article` (`id`)
) ENGINE=InnoDB DEFAULT CHARSET=latin1;
/*!40101 SET character_set_client = @saved_cs_client */;

--
-- Dumping data for table `article_pictures`
--

LOCK TABLES `article_pictures` WRITE;
/*!40000 ALTER TABLE `article_pictures` DISABLE KEYS */;
/*!40000 ALTER TABLE `article_pictures` ENABLE KEYS */;
UNLOCK TABLES;

--
-- Table structure for table `chirp`
--

DROP TABLE IF EXISTS `chirp`;
/*!40101 SET @saved_cs_client     = @@character_set_client */;
/*!40101 SET character_set_client = utf8 */;
CREATE TABLE `chirp` (
  `id` int(11) NOT NULL,
  `version` int(11) NOT NULL,
  `description` varchar(255) DEFAULT NULL,
  `moment` datetime DEFAULT NULL,
  `title` varchar(255) DEFAULT NULL,
  PRIMARY KEY (`id`)
) ENGINE=InnoDB DEFAULT CHARSET=latin1;
/*!40101 SET character_set_client = @saved_cs_client */;

--
-- Dumping data for table `chirp`
--

LOCK TABLES `chirp` WRITE;
/*!40000 ALTER TABLE `chirp` DISABLE KEYS */;
INSERT INTO `chirp` VALUES (35,0,'This is my first chirp!','2013-05-10 00:00:00','Hello!'),(36,0,'I\'m going to publish a newspaper','2013-06-10 12:24:00','Today...'),(37,0,'Happy holidays to the users of Acme Newspaper.','2012-01-01 01:36:00','Happy new year');
/*!40000 ALTER TABLE `chirp` ENABLE KEYS */;
UNLOCK TABLES;

--
-- Table structure for table `customer`
--

DROP TABLE IF EXISTS `customer`;
/*!40101 SET @saved_cs_client     = @@character_set_client */;
/*!40101 SET character_set_client = utf8 */;
CREATE TABLE `customer` (
  `id` int(11) NOT NULL,
  `version` int(11) NOT NULL,
  `address` varchar(255) DEFAULT NULL,
  `email` varchar(255) DEFAULT NULL,
  `name` varchar(255) DEFAULT NULL,
  `phone` varchar(255) DEFAULT NULL,
  `surname` varchar(255) DEFAULT NULL,
  `userAccount_id` int(11) DEFAULT NULL,
  PRIMARY KEY (`id`),
  KEY `FK_pwmktpkay2yx7v00mrwmuscl8` (`userAccount_id`),
  CONSTRAINT `FK_pwmktpkay2yx7v00mrwmuscl8` FOREIGN KEY (`userAccount_id`) REFERENCES `useraccount` (`id`)
) ENGINE=InnoDB DEFAULT CHARSET=latin1;
/*!40101 SET character_set_client = @saved_cs_client */;

--
-- Dumping data for table `customer`
--

LOCK TABLES `customer` WRITE;
/*!40000 ALTER TABLE `customer` DISABLE KEYS */;
INSERT INTO `customer` VALUES (31,0,'Pza. España 29, Bilbao','maria_12@mail.com','María','+34922832727','Carcaño',26),(32,0,'Cambridge St. 114, Brighton, UK','white-at@mail.com','John','543254357','White',27);
/*!40000 ALTER TABLE `customer` ENABLE KEYS */;
UNLOCK TABLES;

--
-- Table structure for table `customer_creditcards`
--

DROP TABLE IF EXISTS `customer_creditcards`;
/*!40101 SET @saved_cs_client     = @@character_set_client */;
/*!40101 SET character_set_client = utf8 */;
CREATE TABLE `customer_creditcards` (
  `Customer_id` int(11) NOT NULL,
  `brand` varchar(255) DEFAULT NULL,
  `cvv` int(11) DEFAULT NULL,
  `expMonth` int(11) DEFAULT NULL,
  `expYear` int(11) DEFAULT NULL,
  `holder` varchar(255) DEFAULT NULL,
  `number` varchar(255) DEFAULT NULL,
  KEY `FK_o19gw4n4g1iyqwsuc71w63lgn` (`Customer_id`),
  CONSTRAINT `FK_o19gw4n4g1iyqwsuc71w63lgn` FOREIGN KEY (`Customer_id`) REFERENCES `customer` (`id`)
) ENGINE=InnoDB DEFAULT CHARSET=latin1;
/*!40101 SET character_set_client = @saved_cs_client */;

--
-- Dumping data for table `customer_creditcards`
--

LOCK TABLES `customer_creditcards` WRITE;
/*!40000 ALTER TABLE `customer_creditcards` DISABLE KEYS */;
INSERT INTO `customer_creditcards` VALUES (31,'MasterCard',150,10,2020,'María Carcaño Fuentes','5564157826282522'),(32,'VISA',220,12,2019,'John Roger White','4716665991180313');
/*!40000 ALTER TABLE `customer_creditcards` ENABLE KEYS */;
UNLOCK TABLES;

--
-- Table structure for table `followup`
--

DROP TABLE IF EXISTS `followup`;
/*!40101 SET @saved_cs_client     = @@character_set_client */;
/*!40101 SET character_set_client = utf8 */;
CREATE TABLE `followup` (
  `id` int(11) NOT NULL,
  `version` int(11) NOT NULL,
  `moment` datetime DEFAULT NULL,
  `summary` varchar(255) DEFAULT NULL,
  `text` varchar(255) DEFAULT NULL,
  `title` varchar(255) DEFAULT NULL,
  PRIMARY KEY (`id`)
) ENGINE=InnoDB DEFAULT CHARSET=latin1;
/*!40101 SET character_set_client = @saved_cs_client */;

--
-- Dumping data for table `followup`
--

LOCK TABLES `followup` WRITE;
/*!40000 ALTER TABLE `followup` DISABLE KEYS */;
INSERT INTO `followup` VALUES (44,0,'2017-10-09 00:00:00','A followup to our latest piece','Lorem ipsum dolor sit amet, consectetur adipiscing elit. Fusce ultrices, justo eget porttitor consequat, enim magna ornare libero.','A followup');
/*!40000 ALTER TABLE `followup` ENABLE KEYS */;
UNLOCK TABLES;

--
-- Table structure for table `followup_pictures`
--

DROP TABLE IF EXISTS `followup_pictures`;
/*!40101 SET @saved_cs_client     = @@character_set_client */;
/*!40101 SET character_set_client = utf8 */;
CREATE TABLE `followup_pictures` (
  `Followup_id` int(11) NOT NULL,
  `pictures` varchar(255) DEFAULT NULL,
  KEY `FK_bikvs1wwtsvtql1bt1ep88bo4` (`Followup_id`),
  CONSTRAINT `FK_bikvs1wwtsvtql1bt1ep88bo4` FOREIGN KEY (`Followup_id`) REFERENCES `followup` (`id`)
) ENGINE=InnoDB DEFAULT CHARSET=latin1;
/*!40101 SET character_set_client = @saved_cs_client */;

--
-- Dumping data for table `followup_pictures`
--

LOCK TABLES `followup_pictures` WRITE;
/*!40000 ALTER TABLE `followup_pictures` DISABLE KEYS */;
/*!40000 ALTER TABLE `followup_pictures` ENABLE KEYS */;
UNLOCK TABLES;

--
-- Table structure for table `hibernate_sequences`
--

DROP TABLE IF EXISTS `hibernate_sequences`;
/*!40101 SET @saved_cs_client     = @@character_set_client */;
/*!40101 SET character_set_client = utf8 */;
CREATE TABLE `hibernate_sequences` (
  `sequence_name` varchar(255) DEFAULT NULL,
  `sequence_next_hi_value` int(11) DEFAULT NULL
) ENGINE=InnoDB DEFAULT CHARSET=latin1;
/*!40101 SET character_set_client = @saved_cs_client */;

--
-- Dumping data for table `hibernate_sequences`
--

LOCK TABLES `hibernate_sequences` WRITE;
/*!40000 ALTER TABLE `hibernate_sequences` DISABLE KEYS */;
INSERT INTO `hibernate_sequences` VALUES ('DomainEntity',10);
/*!40000 ALTER TABLE `hibernate_sequences` ENABLE KEYS */;
UNLOCK TABLES;

--
-- Table structure for table `newspaper`
--

DROP TABLE IF EXISTS `newspaper`;
/*!40101 SET @saved_cs_client     = @@character_set_client */;
/*!40101 SET character_set_client = utf8 */;
CREATE TABLE `newspaper` (
  `id` int(11) NOT NULL,
  `version` int(11) NOT NULL,
  `description` varchar(255) DEFAULT NULL,
  `isPrivate` bit(1) NOT NULL,
  `picture` varchar(255) DEFAULT NULL,
  `publicationDate` date DEFAULT NULL,
  `title` varchar(255) DEFAULT NULL,
  `publisher_id` int(11) NOT NULL,
  PRIMARY KEY (`id`),
  KEY `FK_6w4ywp7unfjqi2kflvm35ie1g` (`publisher_id`),
  CONSTRAINT `FK_6w4ywp7unfjqi2kflvm35ie1g` FOREIGN KEY (`publisher_id`) REFERENCES `user` (`id`)
) ENGINE=InnoDB DEFAULT CHARSET=latin1;
/*!40101 SET character_set_client = @saved_cs_client */;

--
-- Dumping data for table `newspaper`
--

LOCK TABLES `newspaper` WRITE;
/*!40000 ALTER TABLE `newspaper` DISABLE KEYS */;
INSERT INTO `newspaper` VALUES (38,0,'A daily paper for all your news needs.','\0','','2017-06-21','The daily paper',33),(40,0,'A special broadcast.','','','2017-08-30','Special news',34),(43,0,'An experimental newspaper.','','','2020-10-24','Experiment dot com',34);
/*!40000 ALTER TABLE `newspaper` ENABLE KEYS */;
UNLOCK TABLES;

--
-- Table structure for table `newspaper_article`
--

DROP TABLE IF EXISTS `newspaper_article`;
/*!40101 SET @saved_cs_client     = @@character_set_client */;
/*!40101 SET character_set_client = utf8 */;
CREATE TABLE `newspaper_article` (
  `Newspaper_id` int(11) NOT NULL,
  `articles_id` int(11) NOT NULL,
  UNIQUE KEY `UK_b6yh4ur28qo9smnd995jo356g` (`articles_id`),
  KEY `FK_53pw01kjsjxn1ycjlwa1q6j13` (`Newspaper_id`),
  CONSTRAINT `FK_53pw01kjsjxn1ycjlwa1q6j13` FOREIGN KEY (`Newspaper_id`) REFERENCES `newspaper` (`id`),
  CONSTRAINT `FK_b6yh4ur28qo9smnd995jo356g` FOREIGN KEY (`articles_id`) REFERENCES `article` (`id`)
) ENGINE=InnoDB DEFAULT CHARSET=latin1;
/*!40101 SET character_set_client = @saved_cs_client */;

--
-- Dumping data for table `newspaper_article`
--

LOCK TABLES `newspaper_article` WRITE;
/*!40000 ALTER TABLE `newspaper_article` DISABLE KEYS */;
INSERT INTO `newspaper_article` VALUES (38,39),(40,41),(40,42);
/*!40000 ALTER TABLE `newspaper_article` ENABLE KEYS */;
UNLOCK TABLES;

--
-- Table structure for table `newspaper_customer`
--

DROP TABLE IF EXISTS `newspaper_customer`;
/*!40101 SET @saved_cs_client     = @@character_set_client */;
/*!40101 SET character_set_client = utf8 */;
CREATE TABLE `newspaper_customer` (
  `Newspaper_id` int(11) NOT NULL,
  `customers_id` int(11) NOT NULL,
  KEY `FK_enpk5jmy3wblf4421x5gk5lse` (`customers_id`),
  KEY `FK_o4ghbwpglrwq6hywl68kxyg1b` (`Newspaper_id`),
  CONSTRAINT `FK_o4ghbwpglrwq6hywl68kxyg1b` FOREIGN KEY (`Newspaper_id`) REFERENCES `newspaper` (`id`),
  CONSTRAINT `FK_enpk5jmy3wblf4421x5gk5lse` FOREIGN KEY (`customers_id`) REFERENCES `customer` (`id`)
) ENGINE=InnoDB DEFAULT CHARSET=latin1;
/*!40101 SET character_set_client = @saved_cs_client */;

--
-- Dumping data for table `newspaper_customer`
--

LOCK TABLES `newspaper_customer` WRITE;
/*!40000 ALTER TABLE `newspaper_customer` DISABLE KEYS */;
INSERT INTO `newspaper_customer` VALUES (40,31),(40,32);
/*!40000 ALTER TABLE `newspaper_customer` ENABLE KEYS */;
UNLOCK TABLES;

--
-- Table structure for table `tabooword`
--

DROP TABLE IF EXISTS `tabooword`;
/*!40101 SET @saved_cs_client     = @@character_set_client */;
/*!40101 SET character_set_client = utf8 */;
CREATE TABLE `tabooword` (
  `id` int(11) NOT NULL,
  `version` int(11) NOT NULL,
  `word` varchar(255) DEFAULT NULL,
  PRIMARY KEY (`id`)
) ENGINE=InnoDB DEFAULT CHARSET=latin1;
/*!40101 SET character_set_client = @saved_cs_client */;

--
-- Dumping data for table `tabooword`
--

LOCK TABLES `tabooword` WRITE;
/*!40000 ALTER TABLE `tabooword` DISABLE KEYS */;
INSERT INTO `tabooword` VALUES (45,0,'sex'),(46,0,'sexo'),(47,0,'viagra'),(48,0,'cialis');
/*!40000 ALTER TABLE `tabooword` ENABLE KEYS */;
UNLOCK TABLES;

--
-- Table structure for table `user`
--

DROP TABLE IF EXISTS `user`;
/*!40101 SET @saved_cs_client     = @@character_set_client */;
/*!40101 SET character_set_client = utf8 */;
CREATE TABLE `user` (
  `id` int(11) NOT NULL,
  `version` int(11) NOT NULL,
  `address` varchar(255) DEFAULT NULL,
  `email` varchar(255) DEFAULT NULL,
  `name` varchar(255) DEFAULT NULL,
  `phone` varchar(255) DEFAULT NULL,
  `surname` varchar(255) DEFAULT NULL,
  `userAccount_id` int(11) DEFAULT NULL,
  PRIMARY KEY (`id`),
  KEY `FK_o6s94d43co03sx067ili5760c` (`userAccount_id`),
  CONSTRAINT `FK_o6s94d43co03sx067ili5760c` FOREIGN KEY (`userAccount_id`) REFERENCES `useraccount` (`id`)
) ENGINE=InnoDB DEFAULT CHARSET=latin1;
/*!40101 SET character_set_client = @saved_cs_client */;

--
-- Dumping data for table `user`
--

LOCK TABLES `user` WRITE;
/*!40000 ALTER TABLE `user` DISABLE KEYS */;
INSERT INTO `user` VALUES (33,0,'Ascensión 35, Huelva','grego998@mail.com','Gregorio','+3362476543','Torant',28),(34,0,'Thames 24, Salisbury','meg_roc@mail.com','Meghan','6243882','Rochester',29);
/*!40000 ALTER TABLE `user` ENABLE KEYS */;
UNLOCK TABLES;

--
-- Table structure for table `user_chirp`
--

DROP TABLE IF EXISTS `user_chirp`;
/*!40101 SET @saved_cs_client     = @@character_set_client */;
/*!40101 SET character_set_client = utf8 */;
CREATE TABLE `user_chirp` (
  `User_id` int(11) NOT NULL,
  `chirps_id` int(11) NOT NULL,
  UNIQUE KEY `UK_ls9bn8hbpkktyfahbm4wujrps` (`chirps_id`),
  KEY `FK_8lvf5igmdhhmxc70p7ujd36ym` (`User_id`),
  CONSTRAINT `FK_8lvf5igmdhhmxc70p7ujd36ym` FOREIGN KEY (`User_id`) REFERENCES `user` (`id`),
  CONSTRAINT `FK_ls9bn8hbpkktyfahbm4wujrps` FOREIGN KEY (`chirps_id`) REFERENCES `chirp` (`id`)
) ENGINE=InnoDB DEFAULT CHARSET=latin1;
/*!40101 SET character_set_client = @saved_cs_client */;

--
-- Dumping data for table `user_chirp`
--

LOCK TABLES `user_chirp` WRITE;
/*!40000 ALTER TABLE `user_chirp` DISABLE KEYS */;
INSERT INTO `user_chirp` VALUES (33,35),(33,36),(34,37);
/*!40000 ALTER TABLE `user_chirp` ENABLE KEYS */;
UNLOCK TABLES;

--
-- Table structure for table `user_user`
--

DROP TABLE IF EXISTS `user_user`;
/*!40101 SET @saved_cs_client     = @@character_set_client */;
/*!40101 SET character_set_client = utf8 */;
CREATE TABLE `user_user` (
  `User_id` int(11) NOT NULL,
  `followers_id` int(11) NOT NULL,
  UNIQUE KEY `UK_ipxcfus1p41qgn9xbfhg2aa0r` (`followers_id`),
  KEY `FK_nlnx78x3m38aq2r86t1d5eio1` (`User_id`),
  CONSTRAINT `FK_nlnx78x3m38aq2r86t1d5eio1` FOREIGN KEY (`User_id`) REFERENCES `user` (`id`),
  CONSTRAINT `FK_ipxcfus1p41qgn9xbfhg2aa0r` FOREIGN KEY (`followers_id`) REFERENCES `user` (`id`)
) ENGINE=InnoDB DEFAULT CHARSET=latin1;
/*!40101 SET character_set_client = @saved_cs_client */;

--
-- Dumping data for table `user_user`
--

LOCK TABLES `user_user` WRITE;
/*!40000 ALTER TABLE `user_user` DISABLE KEYS */;
INSERT INTO `user_user` VALUES (33,34);
/*!40000 ALTER TABLE `user_user` ENABLE KEYS */;
UNLOCK TABLES;

--
-- Table structure for table `useraccount`
--

DROP TABLE IF EXISTS `useraccount`;
/*!40101 SET @saved_cs_client     = @@character_set_client */;
/*!40101 SET character_set_client = utf8 */;
CREATE TABLE `useraccount` (
  `id` int(11) NOT NULL,
  `version` int(11) NOT NULL,
  `password` varchar(255) DEFAULT NULL,
  `username` varchar(255) DEFAULT NULL,
  PRIMARY KEY (`id`),
  UNIQUE KEY `UK_csivo9yqa08nrbkog71ycilh5` (`username`)
) ENGINE=InnoDB DEFAULT CHARSET=latin1;
/*!40101 SET character_set_client = @saved_cs_client */;

--
-- Dumping data for table `useraccount`
--

LOCK TABLES `useraccount` WRITE;
/*!40000 ALTER TABLE `useraccount` DISABLE KEYS */;
INSERT INTO `useraccount` VALUES (25,0,'21232f297a57a5a743894a0e4a801fc3','admin'),(26,0,'ffbc4675f864e0e9aab8bdf7a0437010','customer1'),(27,0,'5ce4d191fd14ac85a1469fb8c29b7a7b','customer2'),(28,0,'24c9e15e52afc47c225b757e7bee1f9d','user1'),(29,0,'7e58d63b60197ceb55a1c487989a3720','user2');
/*!40000 ALTER TABLE `useraccount` ENABLE KEYS */;
UNLOCK TABLES;

--
-- Table structure for table `useraccount_authorities`
--

DROP TABLE IF EXISTS `useraccount_authorities`;
/*!40101 SET @saved_cs_client     = @@character_set_client */;
/*!40101 SET character_set_client = utf8 */;
CREATE TABLE `useraccount_authorities` (
  `UserAccount_id` int(11) NOT NULL,
  `authority` varchar(255) DEFAULT NULL,
  KEY `FK_b63ua47r0u1m7ccc9lte2ui4r` (`UserAccount_id`),
  CONSTRAINT `FK_b63ua47r0u1m7ccc9lte2ui4r` FOREIGN KEY (`UserAccount_id`) REFERENCES `useraccount` (`id`)
) ENGINE=InnoDB DEFAULT CHARSET=latin1;
/*!40101 SET character_set_client = @saved_cs_client */;

--
-- Dumping data for table `useraccount_authorities`
--

LOCK TABLES `useraccount_authorities` WRITE;
/*!40000 ALTER TABLE `useraccount_authorities` DISABLE KEYS */;
INSERT INTO `useraccount_authorities` VALUES (25,'ADMIN'),(26,'CUSTOMER'),(27,'CUSTOMER'),(28,'USER'),(29,'USER');
/*!40000 ALTER TABLE `useraccount_authorities` ENABLE KEYS */;
UNLOCK TABLES;
/*!40103 SET TIME_ZONE=@OLD_TIME_ZONE */;

/*!40101 SET SQL_MODE=@OLD_SQL_MODE */;
/*!40014 SET FOREIGN_KEY_CHECKS=@OLD_FOREIGN_KEY_CHECKS */;
/*!40014 SET UNIQUE_CHECKS=@OLD_UNIQUE_CHECKS */;
/*!40101 SET CHARACTER_SET_CLIENT=@OLD_CHARACTER_SET_CLIENT */;
/*!40101 SET CHARACTER_SET_RESULTS=@OLD_CHARACTER_SET_RESULTS */;
/*!40101 SET COLLATION_CONNECTION=@OLD_COLLATION_CONNECTION */;
/*!40111 SET SQL_NOTES=@OLD_SQL_NOTES */;

-- Dump completed on 2018-04-13  2:30:52

commit;